{"lcutilmax": 932.049044348438, "cassandra.default": {"tdp": {}, "thresh": [{"util_start": 750.0, "util_end": 800.0, "cpi": 1.5645567856977312, "mpki": 1.6895964138228734, "mb": 1041.828290416246}]}, "twemcache.big": {"tdp": {"util": 380.0, "mean": 2221.863688262864, "std": 52.43945466425385, "bar": 2064.5453242701024}, "thresh": [{"util_start": 350.0, "util_end": 400.0, "cpi": 1.5796544108130908, "mpki": 0.4828549953639178, "mb": 50.381812845518674}]}, "redis.default": {"tdp": {"util": 95.0, "mean": 2199.0127755291387, "std": 81.58062349762902, "bar": 1954.2709050362516}, "thresh": [{"util_start": 50.0, "util_end": 100.0, "cpi": 1.7040166983776912, "mpki": 3.230538151304525, "mb": 25.14555372065795}, {"util_start": 100.0, "util_end": 150.0, "cpi": 1.1341097364237618, "mpki": 2.0542518647742085, "mb": 211.6352301183897}]}, "twemcache.default": {"tdp": {}, "thresh": [{"util_start": 350.0, "util_end": 450.0, "cpi": 1.25, "mpki": 0.1, "mb": 11211.6352301183897}]}}